request_id,amount_safe_to_pay,affordability_status,recommended_payment_method,payment_plan,earliest_date_for_full_payment,spending_changes_needed,decision_explanation
request_26,15656000,affordable_now,full_payment,2025-08-03:15656000,2025-08-03,none,"Regarding “I've been asked to transfer IDR 15,656,000 to my family.”: pay IDR 15656000 today. This leaves at least IDR 24768300 available over the next 90 days. Using confirmed invoice IDR 30780000 on 2025-08-15."
request_27,6670,affordable_now,full_payment,2026-07-05:6670,2026-07-05,none,Regarding “Can I make this purchase without dipping into the balance I want to keep? I need to decide by 21 August 2026.”: pay ZAR 6670 today. This leaves at least ZAR 20500 available over the next 90 days. Using unconfirmed credits ignored.
request_28,326.74,affordable_later,wait,2024-08-15:1302.40,2024-08-15,none,"Regarding “I'm planning an investment contribution of EUR 1,302.40.”: pay EUR 1302.40 in full on 2024-08-15. Paying earlier would take the balance below the EUR 1100 minimum. Using confirmed pay EUR 1452."
request_29,51524,affordable_now,full_payment,2025-11-04:51524,2025-11-04,none,"Regarding “Would investing this amount leave my upcoming bills covered? I have an opportunity to invest ZAR 51,524.”: pay ZAR 51524 today. This leaves at least ZAR 28300 available over the next 90 days. Using seasonal/assignment pay still projected after this contract."
request_30,775.20,affordable_with_plan,installments,2026-04-06:268.74|2026-05-06:268.74|2026-06-05:268.74,2026-04-06,none,"Regarding “The additional loan payment would be USD 775.20.”: use 3 installments of USD 268.74, starting 2026-04-06. This leaves at least USD 900 available."
request_31,2576757.22,affordable_later,wait,2024-11-15:18164000,2024-11-15,none,Regarding “Would paying for the laptop today leave enough for my regular expenses? I need to decide by 15 November 2024.”: pay IDR 18164000 in full on 2024-11-15. Paying earlier would take the balance below the IDR 16588900 minimum.
request_32,13188.14,affordable_later,wait,2025-04-15:40018,2025-04-15,none,"Regarding “I'm planning a family trip that costs ZAR 40,018.”: pay ZAR 40018 in full on 2025-04-15. Paying earlier would take the balance below the ZAR 35700 minimum. Using confirmed pay ZAR 54120 from 2025-02-15."
request_33,41545.80,affordable_later,wait,2026-02-15:118000,2026-02-15,none,"Regarding “Would paying the full deposit leave enough for my other commitments? The move requires a INR 118,000 deposit.”: pay INR 118000 in full on 2026-02-15. Paying earlier would take the balance below the INR 102100 minimum. Using internal transfers ignored."
request_34,129400,affordable_now,full_payment,2024-12-04:129400,2024-12-04,none,"Regarding “I can book the family trip for INR 129,400.”: pay INR 129400 today. This leaves at least INR 138500 available over the next 90 days. Using confirmed invoice INR 196000 on 2024-12-15."
request_35,22797.52,affordable_later,wait,2026-01-15:212000,2026-01-15,none,Regarding “Would it be safer to book the trip now or wait until more money comes in? I need to decide by 15 January 2026.”: pay INR 212000 in full on 2026-01-15. Paying earlier would take the balance below the INR 106400 minimum. Using unconfirmed credits ignored.
request_36,576.46,affordable_later,wait,2026-09-15:3954,2026-09-15,none,"Regarding “I'm considering a professional course priced at USD 3,954.”: pay USD 3954 in full on 2026-09-15. Paying earlier would take the balance below the USD 2400 minimum. Using confirmed pay USD 2988 from 2026-07-15."
request_37,0,not_affordable,not_recommended,none,,none,"Regarding “Can I make the full transfer without falling short on my own bills? I'm planning to send my family IDR 14,649,000.”: do not make this payment by 2024-05-15. None of the available options keeps the IDR 17056200 minimum protected. Using confirmed pay IDR 21090000 from 2025-02-14."
request_38,173.08,affordable_later,wait,2025-10-15:971.30,2025-10-15,none,Regarding “The latest estimate for the repair is EUR 971.30.”: pay EUR 971.30 in full on 2025-10-15. Paying earlier would take the balance below the EUR 400 minimum. Using unconfirmed credits ignored.
request_39,64618.18,affordable_later,wait,2026-05-15:208600,2026-05-15,none,Regarding “Can I cover this deposit without putting rent and regular bills at risk? I need to decide by 15 June 2026.”: pay INR 208600 in full on 2026-05-15. Paying earlier would take the balance below the INR 213400 minimum.
request_40,355.74,affordable_later,wait,2024-08-15:1290.30,2024-08-15,none,"Regarding “The professional course costs EUR 1,290.30.”: pay EUR 1290.30 in full on 2024-08-15. Paying earlier would take the balance below the EUR 1500 minimum. Using confirmed pay EUR 1760 from 2024-06-15; unconfirmed credits ignored."
request_41,9916704.44,affordable_later,wait,2025-12-15:38760000,2025-12-15,none,Regarding “The repair cannot wait.”: pay IDR 38760000 in full on 2025-12-15. Paying earlier would take the balance below the IDR 25366600 minimum.
request_42,0,not_affordable,not_recommended,none,,none,"Regarding “I need to cover an urgent repair of INR 52,100.”: do not make this payment by 2026-03-15. None of the available options keeps the INR 113100 minimum protected. Using no further salary projected."
request_43,8410067,affordable_later,wait,2024-11-15:43339000,2024-11-15,none,Regarding “Laptop yang saya incar harganya IDR 43.339.000.”: pay IDR 43339000 in full on 2024-11-15. Paying earlier would take the balance below the IDR 21398000 minimum. Using confirmed pay IDR 32870000 from 2024-09-15.
request_44,30549.56,affordable_later,wait,2025-04-15:95800,2025-04-15,none,"Regarding “I need INR 95,800 for the course fee.”: pay INR 95800 in full on 2025-04-15. Paying earlier would take the balance below the INR 82900 minimum. Using confirmed pay INR 115000 from 2025-02-15; unconfirmed credits ignored."
request_45,3381127,affordable_later,wait,2026-09-15:21983000,2026-09-15,none,"Regarding “How much of the laptop price can I safely cover today? The price of the laptop is IDR 21,983,000.”: pay IDR 21983000 in full on 2026-09-15. Paying earlier would take the balance below the IDR 11149800 minimum. Using confirmed pay IDR 17290000 from 2026-07-15."
request_46,39452.76,affordable_with_plan,partial_payment,2024-12-03:39452.76|2024-12-15:9997.24,2024-12-15,none,"Regarding “I would like to repay an additional INR 49,450.”: pay INR 39452.76 today and the remaining INR 9997.24 later. This completes the full request and keeps the INR 84000 minimum protected."
request_47,10912620.02,not_affordable,not_recommended,none,,none,"Regarding “What is the most I can put toward this repair right now? I need to decide by 19 June 2025.”: do not proceed with the IDR 38114000 request. Although IDR 10912620.02 is available today, the full amount cannot be completed safely within 90 days. Using unconfirmed credits ignored."
request_48,45700,affordable_now,full_payment,2026-07-25:45700,2026-07-25,none,"Regarding “I want to send INR 45,700 to my family.”: pay INR 45700 today. This leaves at least INR 71300 available over the next 90 days."
request_49,12312944.46,affordable_with_plan,installments,2024-03-18:11902106.67|2024-04-18:11902106.67|2024-05-19:11902106.67,2024-05-15,none,"Regarding “How much can I safely put toward the booking today? I've found a travel option for IDR 34,333,000.”: use 3 installments of IDR 11902106.67, starting 2024-03-18. This leaves at least IDR 20275700 available. Using confirmed pay IDR 31464000."
request_50,0,not_affordable,not_recommended,none,,none,"Regarding “The family trip will cost INR 43,900.”: do not make this payment by 2025-08-21. None of the available options keeps the INR 99700 minimum protected. Using confirmed pay INR 126000; no further salary projected."
request_51,2191000,affordable_now,full_payment,2026-01-03:2191000,2026-01-03,none,"Regarding “Is it safer to invest now, invest a smaller amount, or wait? I need to decide by 28 February 2026.”: pay IDR 2191000 today. This leaves at least IDR 7811000 available over the next 90 days."
request_52,19041.62,affordable_later,wait,2024-06-15:28870,2024-06-15,none,"Regarding “The latest estimate for the repair is INR 28,870.”: pay INR 28870 in full on 2024-06-15. Paying earlier would take the balance below the INR 41500 minimum. Using confirmed pay INR 69000 from 2024-06-15."
request_53,467.44,affordable_with_plan,installments,2025-11-21:589.06|2025-12-19:589.06|2026-01-16:589.06,2026-01-15,none,"Regarding “Is the laptop affordable right now, or should I wait? The laptop comes to USD 1,699.20.”: use 3 installments of USD 589.06, starting 2025-11-21. This leaves at least USD 2100 available. Using unconfirmed credits ignored."
request_54,1548.42,not_affordable,not_recommended,none,,none,"Regarding “The move requires a ZAR 121,528 deposit.”: do not proceed with the ZAR 121528 request. Although ZAR 1548.42 is available today, the full amount cannot be completed safely within 90 days. Using confirmed pay ZAR 42460 from 2026-07-15."
request_55,136034.56,affordable_with_plan,installments,2026-06-11:75781.33|2026-07-12:75781.33|2026-08-12:75781.33,2026-07-15,none,"Regarding “How much can I safely send to my family today? I need to decide by 22 August 2026.”: use 3 installments of INR 75781.33, starting 2026-06-11. This leaves at least INR 124300 available."
request_56,631.74,affordable_with_plan,partial_payment,2025-02-03:631.74|2025-02-15:249.82,2025-02-15,none,Regarding “I've found a laptop for USD 881.56.”: pay USD 631.74 today and the remaining USD 249.82 later. This completes the full request and keeps the USD 2100 minimum protected.
request_57,14512.32,affordable_later,wait,2026-06-15:61446,2026-06-15,none,"Regarding “Can I pay for the course before enrolment closes? I'm considering a professional course priced at ZAR 61,446.”: pay ZAR 61446 in full on 2026-06-15. Paying earlier would take the balance below the ZAR 42700 minimum. Using internal transfers ignored."
request_58,0,not_affordable,not_recommended,none,,none,"Regarding “The additional loan payment would be IDR 16,226,000.”: do not make this payment by 2025-01-25. None of the available options keeps the IDR 14433900 minimum protected. Using confirmed pay IDR 25840000 from 2024-05-18; no further salary projected."
request_59,140600,affordable_with_plan,installments,2025-05-07:48741.33|2025-06-04:48741.33|2025-07-02:48741.33,2025-05-04,none,"Regarding “Would investing this amount leave my upcoming bills covered? I need to decide by 2 July 2025.”: use 3 installments of INR 48741.33, starting 2025-05-07. This leaves at least INR 132600 available. Using unconfirmed credits ignored."
request_60,129.68,affordable_later,wait,2026-01-15:199.89,2026-01-15,none,Regarding “I need USD 199.89 for the rental deposit.”: pay USD 199.89 in full on 2026-01-15. Paying earlier would take the balance below the USD 400 minimum. Using confirmed pay USD 530.4.
request_61,29062,affordable_with_plan,installments,2024-03-17:10074.83|2024-04-17:10074.83|2024-05-18:10074.83,2024-03-03,none,"Regarding “Would paying for the laptop today leave enough for my regular expenses? I've been quoted ZAR 29,062 for the laptop.”: use 3 installments of ZAR 10074.83, starting 2024-03-17. This leaves at least ZAR 36700 available. Using seasonal/assignment pay still projected after this contract."
request_62,404.23,affordable_now,full_payment,2025-08-05:404.23,2025-08-05,none,Regarding “I have USD 404.23 in mind as an extra loan payment.”: pay USD 404.23 today. This leaves at least USD 1300 available over the next 90 days. Using confirmed invoice USD 2112 on 2025-08-15.
request_63,47384.66,not_affordable,not_recommended,none,,none,"Regarding “Is the laptop affordable right now, or should I wait? I need to decide by 17 September 2026.”: do not proceed with the INR 343900 request. Although INR 47384.66 is available today, the full amount cannot be completed safely within 90 days."
request_64,0,not_affordable,not_recommended,none,,none,"Regarding “I've been offered the annual membership for INR 63,700.”: do not make this payment by 2024-08-16. None of the available options keeps the INR 36100 minimum protected. Using unconfirmed credits ignored."
request_65,5670.18,not_affordable,not_recommended,none,,none,"Regarding “Can I pay for the annual membership now without affecting my regular expenses? The annual membership costs ZAR 54,340.”: do not proceed with the ZAR 54340 request. Although ZAR 5670.18 is available today, the full amount cannot be completed safely within 90 days. Using unconfirmed credits ignored."
request_66,22200,affordable_now,full_payment,2026-04-03:22200,2026-04-03,none,"Regarding “The latest estimate for the repair is INR 22,200.”: pay INR 22200 today. This leaves at least INR 80700 available over the next 90 days. Using confirmed invoice INR 116000 on 2026-04-15."
request_67,303.32,affordable_later,wait,2024-11-15:2094,2024-11-15,none,Regarding “What is the most I can put toward this repair right now? I need to decide by 15 November 2024.”: pay USD 2094 in full on 2024-11-15. Paying earlier would take the balance below the USD 1200 minimum.
request_68,1369.16,affordable_with_plan,installments,2025-02-14:725.09|2025-03-14:725.09|2025-04-11:725.09,2025-03-23,none,"Regarding “The extra repayment I'm considering is USD 2,091.60.”: use 3 installments of USD 725.09, starting 2025-02-14. This leaves at least USD 1500 available. Using payday moved to 2025-02-23."
request_69,529.10,affordable_now,full_payment,2026-01-04:529.10,2026-01-04,none,Regarding “Would investing this amount leave my upcoming bills covered? I want to put EUR 529.10 into an investment.”: pay EUR 529.10 today. This leaves at least EUR 700 available over the next 90 days. Using rent +12%.
request_70,48591.28,affordable_later,wait,2025-02-15:243900,2025-02-15,none,"Regarding “The full-year membership is INR 243,900.”: pay INR 243900 in full on 2025-02-15. Paying earlier would take the balance below the INR 115000 minimum."
request_71,0,not_affordable,not_recommended,none,,none,Regarding “Can I pay the rental deposit by the requested date? I need to decide by 28 May 2025.”: do not make this payment by 2025-05-28. None of the available options keeps the IDR 8884800 minimum protected. Using confirmed pay IDR 696 from 2025-05-15.
request_72,11330,affordable_now,full_payment,2026-07-05:11330,2026-07-05,none,"Regarding “I'm planning to send my family ZAR 11,330.”: pay ZAR 11330 today. This leaves at least ZAR 12200 available over the next 90 days. Using confirmed pay ZAR 18700 from 2026-07-15; unconfirmed credits ignored."
request_73,71400,affordable_now,full_payment,2023-01-20:71400,2023-01-20,none,"Regarding “Can I cover the full repair now and still manage my essential expenses? The latest estimate for the repair is INR 71,400.”: pay INR 71400 today. This leaves at least INR 103200 available over the next 90 days. Using rent +12%."
request_74,5010,affordable_now,full_payment,2025-08-04:5010,2025-08-04,none,"Regarding “I would like to repay an additional ZAR 5,010.”: pay ZAR 5010 today. This leaves at least ZAR 21900 available over the next 90 days. Using confirmed invoice ZAR 26180 on 2025-08-15."
request_75,15464.26,not_affordable,not_recommended,none,,none,"Regarding “Should I pay for the repair in full, split the payment, or wait? I need to decide by 12 June 2026.”: do not proceed with the ZAR 28270 request. Although ZAR 15464.26 is available today, the full amount cannot be completed safely within 90 days. Using no further salary projected."
request_76,678.24,not_affordable,not_recommended,none,,none,"Regarding “Renewing the membership would cost USD 4,455.60.”: do not proceed with the USD 4455.60 request. Although USD 678.24 is available today, the full amount cannot be completed safely within 90 days. Using confirmed pay USD 3072; unconfirmed credits ignored."
request_77,60700,affordable_now,full_payment,2025-11-05:60700,2025-11-05,none,"Regarding “How much of the rental deposit can I safely pay today? The rental deposit is INR 60,700.”: pay INR 60700 today. This leaves at least INR 82200 available over the next 90 days. Using unconfirmed credits ignored."
request_78,50200,affordable_now,full_payment,2025-10-02:50200,2025-10-02,none,"Regarding “The laptop I'm looking at is INR 50,200.”: pay INR 50200 today. This leaves at least INR 55200 available over the next 90 days."
request_79,350.86,not_affordable,not_recommended,none,,none,"Regarding “Can I buy the laptop now without making next month's bills tight? I need to decide by 1 November 2024.”: do not proceed with the EUR 2151.60 request. Although EUR 350.86 is available today, the full amount cannot be completed safely within 90 days."
request_80,108899.18,not_affordable,not_recommended,none,2025-04-15,none,"Regarding “I'm considering paying an extra INR 217,500 off the loan.”: do not proceed with the INR 217500 request. Although INR 108899.18 is available today, the full amount cannot be completed safely within 90 days. Using confirmed pay INR 158000."
request_81,2076,affordable_now,full_payment,2026-07-03:2076,2026-07-03,none,"Regarding “Does paying for the trip now leave enough for the rest of the month? I'm planning a family trip that costs USD 2,076.”: pay USD 2076 today. This leaves at least USD 1600 available over the next 90 days. Using rent +12%."
request_82,0,not_affordable,not_recommended,none,,none,"Regarding “I've been asked to transfer USD 1,405.20 to my family.”: do not make this payment by 2025-02-15. None of the available options keeps the USD 1100 minimum protected. Using confirmed pay USD 1752 from 2025-02-14."
request_83,6768.68,not_affordable,not_recommended,none,,none,"Regarding “Can I complete this family transfer and still keep my minimum balance? I need to decide by 17 June 2025.”: do not proceed with the INR 156200 request. Although INR 6768.68 is available today, the full amount cannot be completed safely within 90 days. Using confirmed pay INR 62000 from 2025-05-15; childcare."
request_84,28124.66,affordable_later,wait,2026-05-15:95400,2026-05-15,none,"Regarding “Enrolment for the course comes to INR 95,400.”: pay INR 95400 in full on 2026-05-15. Paying earlier would take the balance below the INR 91300 minimum."
request_85,371432.72,not_affordable,not_recommended,none,,none,"Regarding “Is the deposit affordable now, or do I need more time? I need to pay a IDR 19,304,000 rental deposit.”: do not proceed with the IDR 19304000 request. Although IDR 371432.72 is available today, the full amount cannot be completed safely within 90 days. Using confirmed pay IDR 8618400."
request_86,46300,affordable_now,full_payment,2025-08-03:46300,2025-08-03,none,"Regarding “The current quote for the trip is INR 46,300.”: pay INR 46300 today. This leaves at least INR 84900 available over the next 90 days."
request_87,28604.76,not_affordable,not_recommended,none,,none,"Regarding “Would committing to the membership leave enough for my upcoming bills? I need to decide by 15 March 2026.”: do not proceed with the INR 487900 request. Although INR 28604.76 is available today, the full amount cannot be completed safely within 90 days. Using confirmed pay INR 251000 from 2026-01-15; childcare payment."
request_88,10697.32,affordable_with_plan,installments,2024-06-14:9045.23|2024-07-15:9045.23|2024-08-15:9045.23,2024-07-15,none,"Regarding “I need ZAR 26,092 for the rental deposit.”: use 3 installments of ZAR 9045.23, starting 2024-06-14. This leaves at least ZAR 25800 available. Using unconfirmed credits ignored."
request_89,9890069.28,affordable_with_plan,installments,2025-11-18:4768746.67|2025-12-16:4768746.67|2026-01-13:4768746.67,2025-12-15,none,"Regarding “Is the full membership fee affordable today, or should I wait? I'm considering a yearly membership for IDR 13,756,000.”: use 3 installments of IDR 4768746.67, starting 2025-11-18. This leaves at least IDR 12534700 available."
request_90,2560,affordable_now,full_payment,2026-07-06:2560,2026-07-06,none,"Regarding “I have ZAR 2,560 in mind as an extra loan payment.”: pay ZAR 2560 today. This leaves at least ZAR 7600 available over the next 90 days. Using confirmed invoice ZAR 13420 on 2026-07-15."
request_91,407.08,affordable_later,wait,2024-11-15:1927.20,2024-11-15,none,Regarding “The repair cannot wait.”: pay EUR 1927.20 in full on 2024-11-15. Paying earlier would take the balance below the EUR 2100 minimum.
request_92,34034,affordable_now,full_payment,2025-02-05:34034,2025-02-05,none,"Regarding “I'm considering a professional course priced at ZAR 34,034.”: pay ZAR 34034 today. This leaves at least ZAR 28100 available over the next 90 days. Using confirmed pay ZAR 49280; unconfirmed credits ignored."
request_93,1729.20,affordable_now,full_payment,2026-04-07:1729.20,2026-04-07,none,"Regarding “Can I book the family trip now and still cover my usual expenses? The current quote for the trip is USD 1,729.20.”: pay USD 1729.20 today. This leaves at least USD 1900 available over the next 90 days. Using unconfirmed credits ignored."
request_94,572,affordable_now,full_payment,2024-12-04:572,2024-12-04,none,Regarding “The deposit on the place comes to EUR 572.”: pay EUR 572 today. This leaves at least EUR 600 available over the next 90 days. Using confirmed invoice EUR 924 on 2024-12-15.
request_95,15310.32,not_affordable,not_recommended,none,,none,"Regarding “How much of the course fee can I manage without cutting into essentials? I need to decide by 14 July 2025.”: do not proceed with the INR 553000 request. Although INR 15310.32 is available today, the full amount cannot be completed safely within 90 days. Using payday moved to 2025-05-23."
request_96,72098.74,affordable_with_plan,installments,2026-01-10:31269.33|2026-02-09:31269.33|2026-03-11:31269.33,2026-02-15,none,"Regarding “I've been quoted INR 90,200 for the laptop.”: use 3 installments of INR 31269.33, starting 2026-01-10. This leaves at least INR 56500 available."
request_97,1423.54,affordable_with_plan,installments,2024-03-19:8145.28|2024-04-19:8145.28|2024-05-20:8145.28,2024-04-15,none,"Regarding “How much of the rental deposit can I safely pay today? I've been asked to pay ZAR 23,496 as the rental deposit.”: use 3 installments of ZAR 8145.28, starting 2024-03-19. This leaves at least ZAR 29700 available."
request_98,0,not_affordable,not_recommended,none,,none,"Regarding “I've found a travel option for ZAR 27,148.”: do not make this payment by 2025-10-15. None of the available options keeps the ZAR 30000 minimum protected. Using confirmed pay ZAR 1804 from 2025-08-15."
request_99,17777.50,affordable_with_plan,full_payment,2026-07-04:18062,2026-07-15,reduce_to:event_9232:1065.90,"Regarding “Would paying the repair bill today take me below the balance I need to keep? I need to decide by 14 July 2026.”: Apply reduce Family dinner to ZAR 1065.90, then pay ZAR 18062 today. This leaves at least ZAR 49100 available over the next 90 days."
request_100,26755.60,affordable_with_plan,installments,2024-06-13:12866.19|2024-07-14:12866.19|2024-08-14:12866.19,2024-06-15,none,"Regarding “I'm considering a ZAR 37,114 laptop.”: use 3 installments of ZAR 12866.19, starting 2024-06-13. This leaves at least ZAR 32500 available."
request_101,143500,affordable_now,full_payment,2025-11-03:143500,2025-11-03,none,"Regarding “Is it safer to invest now, invest a smaller amount, or wait? I'm considering setting aside INR 143,500 for an investment.”: pay INR 143500 today. This leaves at least INR 187400 available over the next 90 days. Using unconfirmed credits ignored."
request_102,1716,affordable_with_plan,installments,2026-04-05:594.88|2026-05-05:594.88|2026-06-04:594.88,2026-04-05,none,"Regarding “The laptop comes to EUR 1,716.”: use 3 installments of EUR 594.88, starting 2026-04-05. This leaves at least EUR 900 available. Using confirmed invoice EUR 1419 on 2026-04-15."
request_103,2216.88,not_affordable,not_recommended,none,,none,"Regarding “Can I book the family trip now and still cover my usual expenses? I need to decide by 7 October 2024.”: do not proceed with the INR 368300 request. Although INR 2216.88 is available today, the full amount cannot be completed safely within 90 days. Using confirmed pay INR 164880 from 2024-05-01."
request_104,6931.14,not_affordable,not_recommended,none,,none,"Regarding “The laptop costs ZAR 17,204.”: do not proceed with the ZAR 17204 request. Although ZAR 6931.14 is available today, the full amount cannot be completed safely within 90 days. Using confirmed pay ZAR 35860; unconfirmed credits ignored."
request_105,53500,affordable_now,full_payment,2026-06-08:53500,2026-06-08,none,"Regarding “Can I clear this additional amount without putting upcoming bills at risk? I'm planning an extra loan payment of INR 53,500.”: pay INR 53500 today. This leaves at least INR 73900 available over the next 90 days."
request_106,458.14,affordable_later,wait,2025-02-15:2207.70,2025-02-15,none,"Regarding “I'm considering a professional course priced at EUR 2,207.70.”: pay EUR 2207.70 in full on 2025-02-15. Paying earlier would take the balance below the EUR 1200 minimum. Using confirmed pay EUR 1815 from 2024-12-15."
request_107,2427.58,affordable_with_plan,installments,2025-05-08:878.59|2025-06-05:878.59|2025-07-03:878.59,2025-05-15,none,"Regarding “How much of the rental deposit can I safely pay today? I need to decide by 4 July 2025.”: use 3 installments of EUR 878.59, starting 2025-05-08. This leaves at least EUR 1600 available. Using confirmed pay EUR 2123 from 2025-05-15; unconfirmed credits ignored."
request_108,1636,not_affordable,not_recommended,none,,none,"Regarding “The course I want to take is ZAR 55,308.”: do not proceed with the ZAR 55308 request. Although ZAR 1636 is available today, the full amount cannot be completed safely within 90 days. Using confirmed pay ZAR 33440; unconfirmed credits ignored."
request_109,664.68,affordable_with_plan,installments,2024-03-18:645.98|2024-04-18:645.98|2024-05-19:645.98,2024-04-15,none,"Regarding “Would sending the money now leave enough for my upcoming expenses? The amount I want to send is EUR 1,863.40.”: use 3 installments of EUR 645.98, starting 2024-03-18. This leaves at least EUR 1700 available."
request_110,22352,affordable_with_plan,installments,2025-08-06:7748.69|2025-09-03:7748.69|2025-10-01:7748.69,2025-08-06,none,"Regarding “I've been asked to transfer ZAR 22,352 to my family.”: use 3 installments of ZAR 7748.69, starting 2025-08-06. This leaves at least ZAR 11200 available. Using confirmed invoice ZAR 16720 on 2025-08-15."
request_111,16625000,affordable_now,full_payment,2026-04-03:16625000,2026-04-03,none,"Regarding “Is the full extra repayment safe, or should I pay a smaller amount? I need to decide by 2 May 2026.”: pay IDR 16625000 today. This leaves at least IDR 23022800 available over the next 90 days. Using no further salary projected."
request_112,271.70,affordable_now,full_payment,2024-06-05:271.70,2024-06-05,none,Regarding “My family needs a transfer of EUR 271.70.”: pay EUR 271.70 today. This leaves at least EUR 500 available over the next 90 days. Using confirmed pay EUR 627 from 2024-06-15; unconfirmed credits ignored.
request_113,0,not_affordable,not_recommended,none,,none,"Regarding “How much extra can I put toward the loan today? I want to put another INR 36,500 toward my loan.”: do not make this payment by 2026-10-19. None of the available options keeps the INR 82300 minimum protected. Using confirmed pay INR 1296 from 2026-09-15."
request_114,65300,affordable_now,full_payment,2026-01-04:65300,2026-01-04,none,"Regarding “The annual membership costs INR 65,300.”: pay INR 65300 today. This leaves at least INR 113400 available over the next 90 days. Using confirmed pay INR 148200."
request_115,14426.44,affordable_later,wait,2024-11-15:80500,2024-11-15,none,Regarding “Can I pay for the annual membership now without affecting my regular expenses? I need to decide by 15 November 2024.”: pay INR 80500 in full on 2024-11-15. Paying earlier would take the balance below the INR 38800 minimum. Using unconfirmed credits ignored.
request_116,7997.10,not_affordable,not_recommended,none,,none,"Regarding “The amount I want to send is INR 241,200.”: do not proceed with the INR 241200 request. Although INR 7997.10 is available today, the full amount cannot be completed safely within 90 days."
request_117,846.90,affordable_with_plan,full_payment,2026-07-05:880,2026-07-15,stop:event_10833|reduce_to:event_10878:20.50,"Regarding “El depósito de alquiler es de EUR 880.”: Apply stop Family streaming plan; reduce Weekend food delivery to EUR 20.50, then pay EUR 880 today. This leaves at least EUR 1000 available over the next 90 days. Using confirmed pay EUR 1188 from 2026-07-15."
request_118,682.38,affordable_with_plan,installments,2024-12-07:255.87|2025-01-07:255.87|2025-02-07:255.87,2024-12-15,none,"Regarding “I've been asked to pay EUR 738.10 as the rental deposit.”: use 3 installments of EUR 255.87, starting 2024-12-07. This leaves at least EUR 600 available. Using confirmed pay EUR 759."
request_119,59234.28,affordable_with_plan,installments,2025-05-18:70546.67|2025-06-15:70546.67|2025-07-13:70546.67,2025-06-15,reduce_to:event_11057:2370,"Regarding “Would paying the course fee now leave enough for my regular commitments? I need to decide by 17 July 2025.”: use 3 installments of INR 70546.67, starting 2025-05-18. This leaves at least INR 151200 available. Using confirmed pay INR 176000 from 2025-05-15; childcare payment."
request_120,7714000,affordable_now,full_payment,2026-04-06:7714000,2026-04-06,none,"Regarding “I have an opportunity to invest IDR 7,714,000.”: pay IDR 7714000 today. This leaves at least IDR 20050300 available over the next 90 days."
request_121,633.60,affordable_now,full_payment,2024-03-03:633.60,2024-03-03,none,"Regarding “Is the full extra repayment safe, or should I pay a smaller amount? The additional loan payment would be USD 633.60.”: pay USD 633.60 today. This leaves at least USD 800 available over the next 90 days."
request_122,20558000,affordable_with_plan,installments,2025-08-05:7126773.33|2025-09-02:7126773.33|2025-09-30:7126773.33,2025-08-05,none,"Regarding “The membership fee is IDR 20,558,000 for the year.”: use 3 installments of IDR 7126773.33, starting 2025-08-05. This leaves at least IDR 12588500 available. Using confirmed invoice IDR 15390000 on 2025-08-15."
request_123,1666964.84,not_affordable,not_recommended,none,,none,"Regarding “What portion can I invest today without going below my minimum balance? I need to decide by 28 March 2026.”: do not proceed with the IDR 4076000 request. Although IDR 1666964.84 is available today, the full amount cannot be completed safely within 90 days. Using unconfirmed credits ignored."
request_124,1403.06,affordable_with_plan,installments,2024-06-11:1076.12|2024-07-12:1076.12|2024-08-12:1076.12,2024-07-15,stop:event_11448,"Regarding “I'm considering a yearly membership for EUR 3,104.20.”: use 3 installments of EUR 1076.12, starting 2024-06-11. This leaves at least EUR 1600 available."
request_125,0,not_affordable,not_recommended,none,,none,"Regarding “Would it be safer to book the trip now or wait until more money comes in? I can book the family trip for ZAR 6,468.”: do not make this payment by 2025-11-14. None of the available options keeps the ZAR 11300 minimum protected. Using confirmed pay ZAR 748 from 2025-11-15."
request_126,159600,affordable_now,full_payment,2026-07-03:159600,2026-07-03,none,"Regarding “I need to cover an urgent repair of INR 159,600.”: pay INR 159600 today. This leaves at least INR 129700 available over the next 90 days. Using confirmed invoice INR 152000 on 2026-07-15."
request_127,8478.24,affordable_later,wait,2024-10-15:23980,2024-10-15,none,Regarding “Can I make the full transfer without falling short on my own bills? I need to decide by 18 October 2024.”: pay ZAR 23980 in full on 2024-10-15. Paying earlier would take the balance below the ZAR 41000 minimum. Using confirmed pay ZAR 50160 from 2024-09-15; childcare.
request_128,25168,affordable_now,full_payment,2025-02-07:25168,2025-02-07,none,"Regarding “I need ZAR 25,168 for the course fee.”: pay ZAR 25168 today. This leaves at least ZAR 42600 available over the next 90 days. Using unconfirmed credits ignored."
request_129,153.16,not_affordable,not_recommended,none,,none,"Regarding “Would paying the course fee now leave enough for my regular commitments? The course I want to take is USD 2,668.80.”: do not proceed with the USD 2668.80 request. Although USD 153.16 is available today, the full amount cannot be completed safely within 90 days. Using unconfirmed credits ignored."
request_130,352.90,affordable_later,wait,2025-02-15:1978.80,2025-02-15,none,"Regarding “The amount I want to send is USD 1,978.80.”: pay USD 1978.80 in full on 2025-02-15. Paying earlier would take the balance below the USD 1400 minimum. Using confirmed pay USD 2177.28."
request_131,1172.44,not_affordable,not_recommended,none,2025-06-23,none,"Regarding “Is it safe to cover the full course fee by the deadline? I need to decide by 8 July 2025.”: do not proceed with the USD 1855.20 request. Although USD 1172.44 is available today, the full amount cannot be completed safely within 90 days. Using payday moved to 2025-05-23."
request_132,312.22,affordable_later,wait,2026-01-15:379.86,2026-01-15,none,Regarding “I want to send USD 379.86 to my family.”: pay USD 379.86 in full on 2026-01-15. Paying earlier would take the balance below the USD 1100 minimum. Using confirmed pay USD 1193.4.
request_133,0,not_affordable,not_recommended,none,,none,"Regarding “Is the laptop affordable right now, or should I wait? I've found a laptop for IDR 15,770,000.”: do not make this payment by 2024-03-29. None of the available options keeps the IDR 9986200 minimum protected. Using no further salary projected."
request_134,4279039.96,affordable_later,wait,2025-10-15:21831000,2025-10-15,none,"Regarding “The laptop I'm looking at is IDR 21,831,000.”: pay IDR 21831000 in full on 2025-10-15. Paying earlier would take the balance below the IDR 15902500 minimum."
request_135,283.38,affordable_with_plan,full_payment,2026-07-06:304.80,2026-07-15,stop:event_12413,"Regarding “Is the deposit affordable now, or do I need more time? I need to decide by 14 July 2026.”: Apply stop Video streaming plan, then pay USD 304.80 today. This leaves at least USD 500 available over the next 90 days. Using confirmed pay USD 828 from 2026-07-15."
request_136,560.40,affordable_now,full_payment,2024-06-03:560.40,2024-06-03,none,Regarding “The course I want to take is USD 560.40.”: pay USD 560.40 today. This leaves at least USD 1100 available over the next 90 days.
request_137,29825.64,affordable_later,wait,2026-01-15:80100,2026-01-15,none,"Regarding “Can I make this purchase without dipping into the balance I want to keep? The laptop comes to INR 80,100.”: pay INR 80100 in full on 2026-01-15. Paying earlier would take the balance below the INR 71800 minimum. Using rent +12%."
request_138,975.66,affordable_with_plan,partial_payment,2026-04-07:975.66|2026-04-15:281.28,2026-04-15,none,"Regarding “I've been quoted EUR 1,256.94 for the laptop.”: pay EUR 975.66 today and the remaining EUR 281.28 later. This completes the full request and keeps the EUR 2300 minimum protected. Using unconfirmed credits ignored."
request_139,1325.74,affordable_with_plan,installments,2024-09-07:802.88|2024-10-08:802.88|2024-11-08:802.88,2024-10-15,none,"Regarding “Can I cover this deposit without putting rent and regular bills at risk? I need to decide by 17 November 2024.”: use 3 installments of USD 802.88, starting 2024-09-07. This leaves at least USD 1500 available."
request_140,1220.30,not_affordable,not_recommended,none,,none,"Regarding “I need to cover an urgent repair of ZAR 62,832.”: do not proceed with the ZAR 62832 request. Although ZAR 1220.30 is available today, the full amount cannot be completed safely within 90 days. Using confirmed pay ZAR 31900 from 2025-02-15; unconfirmed credits ignored."
request_141,25689.26,not_affordable,not_recommended,none,,none,"Regarding “How much can I safely pay toward the membership now? I've been offered the annual membership for INR 171,600.”: do not proceed with the INR 171600 request. Although INR 25689.26 is available today, the full amount cannot be completed safely within 90 days."
request_142,1263.60,affordable_now,full_payment,2024-12-05:1263.60,2024-12-05,none,"Regarding “The amount I would like to invest is USD 1,263.60.”: pay USD 1263.60 today. This leaves at least USD 1700 available over the next 90 days. Using confirmed invoice USD 2040 on 2024-12-15."
request_143,2503.64,affordable_later,wait,2025-07-15:12584,2025-07-15,none,Regarding “Can I cover the full repair now and still manage my essential expenses? I need to decide by 15 July 2025.”: pay ZAR 12584 in full on 2025-07-15. Paying earlier would take the balance below the ZAR 11300 minimum. Using unconfirmed credits ignored.
request_144,233.34,affordable_now,full_payment,2026-07-04:233.34,2026-07-04,none,Regarding “I'm thinking of investing USD 233.34.”: pay USD 233.34 today. This leaves at least USD 600 available over the next 90 days. Using confirmed pay USD 864 from 2026-07-15; unconfirmed credits ignored.
request_145,39460.40,affordable_with_plan,installments,2024-03-20:75365.33|2024-04-20:75365.33|2024-05-21:75365.33,2024-05-15,none,"Regarding “Would it be safer to book the trip now or wait until more money comes in? The total trip cost is INR 217,400.”: use 3 installments of INR 75365.33, starting 2024-03-20. This leaves at least INR 155400 available. Using confirmed pay INR 258000."
request_146,15544.26,not_affordable,not_recommended,none,,none,"Regarding “I've been asked to pay INR 449,400 as the rental deposit.”: do not proceed with the INR 449400 request. Although INR 15544.26 is available today, the full amount cannot be completed safely within 90 days."
request_147,539.90,affordable_with_plan,installments,2026-04-08:391.63|2026-05-08:391.63|2026-06-07:391.63,2026-05-15,none,"Regarding “Can I afford the full trip without putting upcoming bills at risk? I need to decide by 7 June 2026.”: use 3 installments of EUR 391.63, starting 2026-04-08. This leaves at least EUR 900 available. Using confirmed pay EUR 1529 from 2026-04-15; childcare payment."
request_148,7090.64,affordable_with_plan,installments,2024-06-14:7710.56|2024-07-15:7710.56|2024-08-15:7710.56,2024-07-15,stop:event_13593,"Regarding “The laptop I'm looking at is ZAR 22,242.”: use 3 installments of ZAR 7710.56, starting 2024-06-14. This leaves at least ZAR 20000 available."
request_149,24591.60,affordable_with_plan,installments,2025-11-18:12706.03|2025-12-16:12706.03|2026-01-13:12706.03,2025-12-15,none,"Regarding “How much can I safely put toward the booking today? The current quote for the trip is ZAR 36,652.”: use 3 installments of ZAR 12706.03, starting 2025-11-18. This leaves at least ZAR 42100 available."
request_150,326.28,affordable_with_plan,installments,2026-01-06:171.98|2026-02-05:171.98|2026-03-07:171.98,2026-01-15,none,"Regarding “The course I want to take is EUR 496.10.”: use 3 installments of EUR 171.98, starting 2026-01-06. This leaves at least EUR 700 available. Using confirmed pay EUR 893.75."
request_151,26999000,affordable_now,full_payment,2024-09-03:26999000,2024-09-03,none,Regarding “Can I pay the rental deposit by the requested date? I need to decide by 14 September 2024.”: pay IDR 26999000 today. This leaves at least IDR 31633600 available over the next 90 days. Using confirmed pay IDR 46170000 from 2024-09-15.
request_152,10929.80,affordable_with_plan,installments,2025-02-12:4812.43|2025-03-12:4812.43|2025-04-09:4812.43,2025-04-15,stop:event_13957|stop:event_13958,"Regarding “I've received a repair quote for ZAR 13,882.”: use 3 installments of ZAR 4812.43, starting 2025-02-12. This leaves at least ZAR 11900 available."
request_153,156.74,not_affordable,not_recommended,none,,none,"Regarding “Is the laptop affordable right now, or should I wait? The laptop costs USD 2,830.80.”: do not proceed with the USD 2830.80 request. Although USD 156.74 is available today, the full amount cannot be completed safely within 90 days."
request_154,0,not_affordable,not_recommended,none,,none,"Regarding “I've found a travel option for EUR 1,625.80.”: do not make this payment by 2025-02-14. None of the available options keeps the EUR 1300 minimum protected. Using no further salary projected."
request_155,112500,affordable_now,full_payment,2025-05-06:112500,2025-05-06,none,Regarding “How much of the laptop price can I safely cover today? I need to decide by 20 May 2025.”: pay INR 112500 today. This leaves at least INR 56300 available over the next 90 days. Using confirmed pay INR 84000 from 2025-05-15; childcare payment.
request_156,11220.74,affordable_later,wait,2026-06-15:43076,2026-06-15,none,"Regarding “I need ZAR 43,076 for the course fee.”: pay ZAR 43076 in full on 2026-06-15. Paying earlier would take the balance below the ZAR 26900 minimum."
request_157,4587643.68,affordable_later,wait,2024-05-15:23503000,2024-05-15,none,"Regarding “Can I make the full investment and still keep enough cash available? I'm considering setting aside IDR 23,503,000 for an investment.”: pay IDR 23503000 in full on 2024-05-15. Paying earlier would take the balance below the IDR 15714100 minimum. Using confirmed pay IDR 23940000."
request_158,242600,affordable_with_plan,installments,2025-08-07:84101.33|2025-09-04:84101.33|2025-10-02:84101.33,2025-08-07,none,"Regarding “The urgent repair will cost INR 242,600.”: use 3 installments of INR 84101.33, starting 2025-08-07. This leaves at least INR 131400 available."
request_159,0,not_affordable,not_recommended,none,,none,Regarding “Would investing this amount leave my upcoming bills covered? I need to decide by 20 March 2026.”: do not make this payment by 2026-03-20. None of the available options keeps the ZAR 8700 minimum protected. Using unconfirmed credits ignored.
request_160,574.46,affordable_with_plan,installments,2024-06-13:432.05|2024-07-14:432.05|2024-08-14:432.05,2024-07-15,none,"Regarding “I can book the family trip for EUR 1,246.30.”: use 3 installments of EUR 432.05, starting 2024-06-13. This leaves at least EUR 1200 available. Using confirmed pay EUR 1672 from 2024-06-15."
request_161,6583356.50,affordable_later,wait,2026-01-15:21204000,2026-01-15,none,"Regarding “Is the full extra repayment safe, or should I pay a smaller amount? I'm planning an extra loan payment of IDR 21,204,000.”: pay IDR 21204000 in full on 2026-01-15. Paying earlier would take the balance below the IDR 23010400 minimum. Using confirmed pay IDR 26790000 from 2025-11-15."
request_162,1179184.54,not_affordable,not_recommended,none,,none,"Regarding “I've been offered the annual membership for IDR 83,923,000.”: do not proceed with the IDR 83923000 request. Although IDR 1179184.54 is available today, the full amount cannot be completed safely within 90 days. Using confirmed pay IDR 29070000 from 2026-07-15."
request_163,8918333,affordable_with_plan,installments,2024-09-10:6692053.33|2024-10-11:6692053.33|2024-11-11:6692053.33,2024-10-15,none,"Regarding “Can I take the membership and still keep my minimum balance intact? I need to decide by 15 November 2024.”: use 3 installments of IDR 6692053.33, starting 2024-09-10. This leaves at least IDR 26728700 available. Using confirmed pay IDR 30400000."
request_164,27018000,affordable_with_plan,installments,2025-02-11:9366240|2025-03-11:9366240|2025-04-08:9366240,2025-02-04,none,"Regarding “The membership fee is IDR 27,018,000 for the year.”: use 3 installments of IDR 9366240, starting 2025-02-11. This leaves at least IDR 29550500 available. Using confirmed pay IDR 44270000; unconfirmed credits ignored."
request_165,70062.40,affordable_with_plan,full_payment,2026-04-06:80600,,stop:event_15135|stop:event_15134,"Regarding “Would it be safer to book the trip now or wait until more money comes in? I'm planning a family trip that costs INR 80,600.”: Apply stop Video streaming plan; stop Cloud storage plan, then pay INR 80600 today. This leaves at least INR 95000 available over the next 90 days. Using no further salary projected."
request_166,2907.60,affordable_with_plan,installments,2024-12-03:1007.97|2025-01-03:1007.97|2025-02-03:1007.97,2024-12-03,none,"Regarding “I'm considering a yearly membership for USD 2,907.60.”: use 3 installments of USD 1007.97, starting 2024-12-03. This leaves at least USD 1700 available. Using confirmed invoice USD 2340 on 2024-12-15."
request_167,43802,affordable_now,full_payment,2025-05-05:43802,2025-05-05,none,Regarding “How much of the rental deposit can I safely pay today? I need to decide by 31 May 2025.”: pay ZAR 43802 today. This leaves at least ZAR 31200 available over the next 90 days. Using payday moved to 2025-05-23.
request_168,37636.86,affordable_with_plan,partial_payment,2026-01-07:37636.86|2026-01-15:11743.14,2026-01-15,none,"Regarding “The rental deposit is INR 49,380.”: pay INR 37636.86 today and the remaining INR 11743.14 later. This completes the full request and keeps the INR 114400 minimum protected. Using confirmed pay INR 137150."
request_169,41976,affordable_now,full_payment,2024-03-04:41976,2024-03-04,none,"Regarding “Would paying the course fee now leave enough for my regular commitments? I'm considering a professional course priced at ZAR 41,976.”: pay ZAR 41976 today. This leaves at least ZAR 18700 available over the next 90 days. Using unconfirmed credits ignored."
request_170,30153327.04,affordable_with_plan,installments,2025-08-06:12804480|2025-09-03:12804480|2025-10-01:12804480,2025-08-15,none,"Regarding “The annual membership costs IDR 36,936,000.”: use 3 installments of IDR 12804480, starting 2025-08-06. This leaves at least IDR 24715800 available. Using unconfirmed credits ignored."
request_171,34.10,not_affordable,not_recommended,none,,none,"Regarding “Is it safer to invest now, invest a smaller amount, or wait? I need to decide by 10 September 2026.”: do not proceed with the EUR 1878.80 request. Although EUR 34.10 is available today, the full amount cannot be completed safely within 90 days. Using internal transfers ignored."
request_172,9728.92,affordable_with_plan,partial_payment,2024-06-05:9728.92|2024-06-15:471.08,2024-06-15,none,"Regarding “I've been quoted ZAR 10,200 for the course.”: pay ZAR 9728.92 today and the remaining ZAR 471.08 later. This completes the full request and keeps the ZAR 27200 minimum protected."
request_173,0,not_affordable,not_recommended,none,,none,"Regarding “Can I complete this family transfer and still keep my minimum balance? I've been asked to transfer INR 113,000 to my family.”: do not make this payment by 2026-01-17. None of the available options keeps the INR 79100 minimum protected. Using confirmed pay INR 1284 from 2025-11-15."
request_174,1146.20,affordable_with_plan,installments,2026-04-04:397.35|2026-05-04:397.35|2026-06-03:397.35,2026-04-04,none,"Regarding “I want to put EUR 1,146.20 into an investment.”: use 3 installments of EUR 397.35, starting 2026-04-04. This leaves at least EUR 700 available."
request_175,2346.30,affordable_now,full_payment,2024-09-06:2346.30,2024-09-06,none,"Regarding “Should I pay for the repair in full, split the payment, or wait? I need to decide by 1 October 2024.”: pay EUR 2346.30 today. This leaves at least EUR 1700 available over the next 90 days. Using confirmed pay EUR 1924.56."
request_176,111.68,not_affordable,not_recommended,none,,none,"Regarding “The family trip will cost EUR 1,239.70.”: do not proceed with the EUR 1239.70 request. Although EUR 111.68 is available today, the full amount cannot be completed safely within 90 days. Using confirmed pay EUR 847; unconfirmed credits ignored."
request_177,1017.60,affordable_now,full_payment,2026-01-05:1017.60,2026-01-05,none,"Regarding “What is the most I can put toward this repair right now? I have an unexpected repair bill of USD 1,017.60.”: pay USD 1017.60 today. This leaves at least USD 1300 available over the next 90 days. Using confirmed pay USD 1731.6."
request_178,2938.10,affordable_with_plan,installments,2024-12-07:1018.54|2025-01-07:1018.54|2025-02-07:1018.54,2024-12-07,none,"Regarding “I'm considering setting aside EUR 2,938.10 for an investment.”: use 3 installments of EUR 1018.54, starting 2024-12-07. This leaves at least EUR 1400 available. Using confirmed invoice EUR 2376 on 2024-12-15."
request_179,6530959.46,affordable_later,wait,2025-07-15:41648000,2025-07-15,none,Regarding “Would paying this much toward the loan leave enough for the rest of the month? I need to decide by 15 July 2025.”: pay IDR 41648000 in full on 2025-07-15. Paying earlier would take the balance below the IDR 41430800 minimum.
request_180,66500,affordable_now,full_payment,2026-07-06:66500,2026-07-06,none,"Regarding “The extra repayment I'm considering is INR 66,500.”: pay INR 66500 today. This leaves at least INR 37300 available over the next 90 days. Using confirmed pay INR 59000 from 2026-07-15; unconfirmed credits ignored."
request_181,437.24,not_affordable,not_recommended,none,,none,"Regarding “Is it safer to invest now, invest a smaller amount, or wait? I want to put USD 5,059.20 into an investment.”: do not proceed with the USD 5059.20 request. Although USD 437.24 is available today, the full amount cannot be completed safely within 90 days."
request_182,65714,affordable_now,full_payment,2025-08-05:65714,2025-08-05,none,"Regarding “I'm planning an extra loan payment of ZAR 65,714.”: pay ZAR 65714 today. This leaves at least ZAR 31100 available over the next 90 days. Using unconfirmed credits ignored."
request_183,23830700.26,affordable_with_plan,installments,2026-04-10:9313546.67|2026-05-10:9313546.67|2026-06-09:9313546.67,2026-04-15,none,"Regarding “Can I cover the full repair now and still manage my essential expenses? I need to decide by 18 June 2026.”: use 3 installments of IDR 9313546.67, starting 2026-04-10. This leaves at least IDR 11878300 available."
request_184,9465.28,not_affordable,not_recommended,none,,none,"Regarding “The additional loan payment would be INR 251,900.”: do not proceed with the INR 251900 request. Although INR 9465.28 is available today, the full amount cannot be completed safely within 90 days. Using unconfirmed credits ignored."
request_185,377.66,affordable_later,wait,2026-01-15:1257.30,2026-01-15,none,"Regarding “Would it be safer to book the trip now or wait until more money comes in? The booking comes to EUR 1,257.30.”: pay EUR 1257.30 in full on 2026-01-15. Paying earlier would take the balance below the EUR 1300 minimum. Using rent +12%."
request_186,6731.02,affordable_later,wait,2026-02-15:26554,2026-02-15,none,"Regarding “I'm thinking of investing ZAR 26,554.”: pay ZAR 26554 in full on 2026-02-15. Paying earlier would take the balance below the ZAR 22000 minimum. Using confirmed pay ZAR 31889."
request_187,37718.14,affordable_later,wait,2024-11-15:187500,2024-11-15,none,Regarding “Would committing to the membership leave enough for my upcoming bills? I need to decide by 15 November 2024.”: pay INR 187500 in full on 2024-11-15. Paying earlier would take the balance below the INR 128300 minimum. Using confirmed pay INR 145000 from 2024-09-15.
request_188,102.82,not_affordable,not_recommended,none,,none,"Regarding “I want to send EUR 2,464 to my family.”: do not proceed with the EUR 2464 request. Although EUR 102.82 is available today, the full amount cannot be completed safely within 90 days."
request_189,488.40,affordable_now,full_payment,2026-07-04:488.40,2026-07-04,none,Regarding “Would paying this much toward the loan leave enough for the rest of the month? I'm planning an extra loan payment of EUR 488.40.”: pay EUR 488.40 today. This leaves at least EUR 400 available over the next 90 days. Using confirmed pay EUR 627 from 2026-07-15.
request_190,532.68,affordable_later,wait,2025-02-15:2557.50,2025-02-15,none,"Regarding “The laptop I'm looking at is EUR 2,557.50.”: pay EUR 2557.50 in full on 2025-02-15. Paying earlier would take the balance below the EUR 1600 minimum."
request_191,664.40,affordable_now,full_payment,2025-05-03:664.40,2025-05-03,none,"Regarding “Is it safer to invest now, invest a smaller amount, or wait? I need to decide by 17 July 2025.”: pay EUR 664.40 today. This leaves at least EUR 500 available over the next 90 days. Using unconfirmed credits ignored."
request_192,160.76,not_affordable,not_recommended,none,,none,"Regarding “The course I want to take is USD 2,046.”: do not proceed with the USD 2046 request. Although USD 160.76 is available today, the full amount cannot be completed safely within 90 days."
request_193,28.34,affordable_with_plan,installments,2024-03-21:420.23|2024-04-21:420.23|2024-05-22:420.23,2024-04-15,none,"Regarding “Can I take the membership and still keep my minimum balance intact? The annual plan comes to EUR 1,212.20.”: use 3 installments of EUR 420.23, starting 2024-03-21. This leaves at least EUR 1000 available. Using confirmed pay EUR 1750.32."
request_194,38548.70,affordable_later,wait,2025-10-23:132800,2025-10-23,none,"Regarding “The move requires a INR 132,800 deposit.”: pay INR 132800 in full on 2025-10-23. Paying earlier would take the balance below the INR 113600 minimum. Using payday moved to 2025-08-23."
request_195,1030.72,affordable_with_plan,installments,2026-01-09:405.74|2026-02-08:405.74|2026-03-10:405.74,2026-01-15,none,"Regarding “How much of the laptop price can I safely cover today? I need to decide by 11 March 2026.”: use 3 installments of EUR 405.74, starting 2026-01-09. This leaves at least EUR 700 available. Using confirmed pay EUR 1222.65."
request_196,762.30,affordable_now,full_payment,2024-06-03:762.30,2024-06-03,none,Regarding “I've found a laptop for EUR 762.30.”: pay EUR 762.30 today. This leaves at least EUR 500 available over the next 90 days.
request_197,50939000,affordable_with_plan,installments,2025-11-19:17658853.33|2025-12-17:17658853.33|2026-01-14:17658853.33,2025-11-05,none,"Regarding “Can I make the full transfer without falling short on my own bills? The transfer I have in mind is IDR 50,939,000.”: use 3 installments of IDR 17658853.33, starting 2025-11-19. This leaves at least IDR 26245900 available. Using confirmed pay IDR 38190000 from 2025-11-15."
request_198,185800,affordable_now,full_payment,2026-07-07:185800,2026-07-07,none,"Regarding “I need INR 185,800 for the course fee.”: pay INR 185800 today. This leaves at least INR 124300 available over the next 90 days. Using unconfirmed credits ignored."
request_199,23674000,affordable_with_plan,installments,2024-09-07:8206986.67|2024-10-08:8206986.67|2024-11-08:8206986.67,2024-09-04,none,"Regarding “Can I cover this deposit without putting rent and regular bills at risk? I need to decide by 10 November 2024.”: use 3 installments of IDR 8206986.67, starting 2024-09-07. This leaves at least IDR 25359500 available. Using unconfirmed credits ignored."
request_200,21717000,affordable_now,full_payment,2025-02-06:21717000,2025-02-06,none,"Regarding “The laptop comes to IDR 21,717,000.”: pay IDR 21717000 today. This leaves at least IDR 20114600 available over the next 90 days. Using unconfirmed credits ignored."
request_201,23997000,affordable_now,full_payment,2026-04-03:23997000,2026-04-03,none,"Regarding “Is the full extra repayment safe, or should I pay a smaller amount? The extra repayment I'm considering is IDR 23,997,000.”: pay IDR 23997000 today. This leaves at least IDR 17304500 available over the next 90 days. Using no further salary projected."
request_202,123900,affordable_now,full_payment,2024-12-05:123900,2024-12-05,none,"Regarding “I want to send INR 123,900 to my family.”: pay INR 123900 today. This leaves at least INR 147800 available over the next 90 days."
request_203,1442.10,affordable_with_plan,installments,2025-05-10:499.93|2025-06-07:499.93|2025-07-05:499.93,2025-05-07,none,"Regarding “Can I cover the full repair now and still manage my essential expenses? I need to decide by 8 July 2025.”: use 3 installments of EUR 499.93, starting 2025-05-10. This leaves at least EUR 1400 available."
request_204,560.22,affordable_later,wait,2026-01-15:588.74,2026-01-15,none,Regarding “I need to pay a EUR 588.74 rental deposit.”: pay EUR 588.74 in full on 2026-01-15. Paying earlier would take the balance below the EUR 1300 minimum. Using confirmed pay EUR 2024 from 2026-01-15; unconfirmed credits ignored.
request_205,10621000,affordable_now,full_payment,2024-03-06:10621000,2024-03-06,none,"Regarding “Can I clear this additional amount without putting upcoming bills at risk? The additional loan payment would be IDR 10,621,000.”: pay IDR 10621000 today. This leaves at least IDR 13994300 available over the next 90 days."
request_206,1404.70,affordable_with_plan,installments,2025-08-03:486.96|2025-08-31:486.96|2025-09-28:486.96,2025-08-03,none,"Regarding “I need to make a family transfer of EUR 1,404.70.”: use 3 installments of EUR 486.96, starting 2025-08-03. This leaves at least EUR 900 available."
request_207,4205.60,affordable_later,wait,2026-07-15:11830,2026-07-15,none,Regarding “Can I make the full transfer without falling short on my own bills? I need to decide by 24 July 2026.”: pay ZAR 11830 in full on 2026-07-15. Paying earlier would take the balance below the ZAR 13600 minimum.
request_208,3725142.20,affordable_later,wait,2024-06-15:4413000,2024-06-15,none,"Regarding “The total trip cost is IDR 4,413,000.”: pay IDR 4413000 in full on 2024-06-15. Paying earlier would take the balance below the IDR 10470700 minimum."
request_209,1620.22,not_affordable,not_recommended,none,,none,"Regarding “How much can I safely put toward the booking today? I can book the family trip for ZAR 56,914.”: do not proceed with the ZAR 56914 request. Although ZAR 1620.22 is available today, the full amount cannot be completed safely within 90 days."
request_210,1129.56,affordable_with_plan,partial_payment,2026-04-06:1129.56|2026-04-15:230.46,2026-04-15,none,"Regarding “I need to cover an urgent repair of USD 1,360.02.”: pay USD 1129.56 today and the remaining USD 230.46 later. This completes the full request and keeps the USD 2000 minimum protected."
request_211,287.50,affordable_later,wait,2024-11-15:1788.60,2024-11-15,none,Regarding “How much can I safely pay toward the membership now? I need to decide by 15 November 2024.”: pay EUR 1788.60 in full on 2024-11-15. Paying earlier would take the balance below the EUR 1500 minimum.
request_212,5279258.14,not_affordable,not_recommended,none,,none,"Regarding “The annual membership costs IDR 71,934,000.”: do not proceed with the IDR 71934000 request. Although IDR 5279258.14 is available today, the full amount cannot be completed safely within 90 days. Using payday moved to 2025-02-23."
request_213,3362.40,affordable_with_plan,installments,2026-01-21:1165.63|2026-02-20:1165.63|2026-03-22:1165.63,2026-01-07,none,"Regarding “Can I complete this family transfer and still keep my minimum balance? I need to make a family transfer of USD 3,362.40.”: use 3 installments of USD 1165.63, starting 2026-01-21. This leaves at least USD 2100 available. Using seasonal/assignment pay still projected after this contract."
request_214,61091.84,affordable_with_plan,partial_payment,2024-12-04:61091.84|2024-12-15:8658.16,2024-12-15,none,"Regarding “The annual plan comes to INR 69,750.”: pay INR 61091.84 today and the remaining INR 8658.16 later. This completes the full request and keeps the INR 174900 minimum protected. Using unconfirmed credits ignored."
request_215,29986,affordable_with_plan,installments,2025-05-09:10395.15|2025-06-06:10395.15|2025-07-04:10395.15,2025-05-06,reduce_to:event_19802:271.70,"Regarding “How much can I invest now without affecting essential payments? I need to decide by 10 July 2025.”: use 3 installments of ZAR 10395.15, starting 2025-05-09. This leaves at least ZAR 15700 available. Using unconfirmed credits ignored."
request_216,467.58,affordable_later,wait,2026-09-15:3332.40,2026-09-15,none,"Regarding “I can book the family trip for USD 3,332.40.”: pay USD 3332.40 in full on 2026-09-15. Paying earlier would take the balance below the USD 1800 minimum. Using confirmed pay USD 2424 from 2026-07-15."
request_217,20592.78,affordable_with_plan,installments,2024-03-19:12889.07|2024-04-19:12889.07|2024-05-20:12889.07,2024-05-15,none,"Regarding “Can I afford the full trip without putting upcoming bills at risk? I've found a travel option for ZAR 37,180.”: use 3 installments of ZAR 12889.07, starting 2024-03-19. This leaves at least ZAR 26800 available."
request_218,24409977.20,affordable_with_plan,installments,2025-08-07:21195893.33|2025-09-04:21195893.33|2025-10-02:21195893.33,2025-09-15,none,"Regarding “The laptop I'm looking at is IDR 61,142,000.”: use 3 installments of IDR 21195893.33, starting 2025-08-07. This leaves at least IDR 34477200 available."
request_219,779.74,affordable_with_plan,installments,2026-04-07:580.01|2026-05-07:580.01|2026-06-06:580.01,2026-05-15,none,"Regarding “Would paying the course fee now leave enough for my regular commitments? I need to decide by 13 June 2026.”: use 3 installments of EUR 580.01, starting 2026-04-07. This leaves at least EUR 1100 available. Using confirmed pay EUR 1914 from 2026-04-15; childcare."
request_220,72.82,not_affordable,not_recommended,none,,none,"Regarding “I'm considering setting aside EUR 3,118.50 for an investment.”: do not proceed with the EUR 3118.50 request. Although EUR 72.82 is available today, the full amount cannot be completed safely within 90 days. Using confirmed pay EUR 1346.4."
request_221,109800,affordable_now,full_payment,2025-11-03:109800,2025-11-03,none,"Regarding “Can I pay the rental deposit by the requested date? I need INR 109,800 for the rental deposit.”: pay INR 109800 today. This leaves at least INR 81500 available over the next 90 days. Using unconfirmed credits ignored."
request_222,34078,affordable_now,full_payment,2026-01-05:34078,2026-01-05,none,"Regarding “The professional course costs ZAR 34,078.”: pay ZAR 34078 today. This leaves at least ZAR 27300 available over the next 90 days. Using confirmed invoice ZAR 35200 on 2026-01-15."
request_223,898.70,affordable_now,full_payment,2024-09-07:898.70,2024-09-07,none,"Regarding “Is the laptop affordable right now, or should I wait? I need to decide by 20 October 2024.”: pay EUR 898.70 today. This leaves at least EUR 800 available over the next 90 days."
request_224,9914297.88,affordable_with_plan,partial_payment,2025-02-04:9914297.88|2025-02-15:412702.12,2025-02-15,none,"Regarding “I've found a travel option for IDR 10,327,000.”: pay IDR 9914297.88 today and the remaining IDR 412702.12 later. This completes the full request and keeps the IDR 22187600 minimum protected."
request_225,10849121.52,affordable_with_plan,installments,2026-07-20:7647120|2026-08-19:7647120|2026-09-18:7647120,2026-08-15,none,"Regarding “Should I pay for the repair in full, split the payment, or wait? The repair I need is priced at IDR 22,059,000.”: use 3 installments of IDR 7647120, starting 2026-07-20. This leaves at least IDR 17670700 available. Using rent +12%."
request_226,157000,affordable_now,full_payment,2024-12-03:157000,2024-12-03,none,"Regarding “The annual membership costs INR 157,000.”: pay INR 157000 today. This leaves at least INR 209400 available over the next 90 days. Using confirmed pay INR 260000."
request_227,6915.68,not_affordable,not_recommended,none,,none,"Regarding “Can I make the extra loan payment now without affecting essential expenses? I need to decide by 20 June 2025.”: do not proceed with the INR 259700 request. Although INR 6915.68 is available today, the full amount cannot be completed safely within 90 days. Using unconfirmed credits ignored."
request_228,1370546.12,not_affordable,not_recommended,none,,none,"Regarding “I'm thinking of investing IDR 63,327,000.”: do not proceed with the IDR 63327000 request. Although IDR 1370546.12 is available today, the full amount cannot be completed safely within 90 days. Using confirmed pay IDR 30400000 from 2026-04-15; unconfirmed credits ignored."
request_229,431.30,affordable_with_plan,installments,2024-03-18:529.29|2024-04-18:529.29|2024-05-19:529.29,2024-05-15,none,"Regarding “How much can I safely put toward the booking today? The total trip cost is EUR 1,526.80.”: use 3 installments of EUR 529.29, starting 2024-03-18. This leaves at least EUR 1000 available."
request_230,0,not_affordable,not_recommended,none,,none,"Regarding “I have EUR 3,537.60 in mind as an extra loan payment.”: do not make this payment by 2025-10-04. None of the available options keeps the EUR 2000 minimum protected. Using confirmed pay EUR 2827; no further salary projected."
request_231,33296.22,affordable_with_plan,installments,2026-01-06:12378.08|2026-02-05:12378.08|2026-03-07:12378.08,2026-01-15,none,"Regarding “Would paying for the laptop today leave enough for my regular expenses? I need to decide by 17 March 2026.”: use 3 installments of ZAR 12378.08, starting 2026-01-06. This leaves at least ZAR 24300 available."
request_232,638.90,affordable_later,wait,2024-08-15:1970.10,2024-08-15,none,"Regarding “The family trip will cost EUR 1,970.10.”: pay EUR 1970.10 in full on 2024-08-15. Paying earlier would take the balance below the EUR 2400 minimum. Using confirmed pay EUR 2772 from 2024-06-15; unconfirmed credits ignored."
request_233,3766017.20,affordable_with_plan,partial_payment,2025-11-07:3766017.20|2025-11-15:2474982.80,2025-11-15,none,"Regarding “Would paying the full deposit leave enough for my other commitments? The landlord has asked for a deposit of IDR 6,241,000.”: pay IDR 3766017.20 today and the remaining IDR 2474982.80 later. This completes the full request and keeps the IDR 10365700 minimum protected. Using confirmed pay IDR 16910000 from 2025-11-15."
request_234,223.42,affordable_later,wait,2026-09-15:1213.30,2026-09-15,none,"Regarding “I'm considering paying an extra EUR 1,213.30 off the loan.”: pay EUR 1213.30 in full on 2026-09-15. Paying earlier would take the balance below the EUR 700 minimum."
request_235,967.20,affordable_now,full_payment,2024-09-06:967.20,2024-09-06,none,Regarding “How much of the course fee can I manage without cutting into essentials? I need to decide by 25 October 2024.”: pay USD 967.20 today. This leaves at least USD 700 available over the next 90 days. Using unconfirmed credits ignored.
request_236,5890027.86,not_affordable,not_recommended,none,,none,"Regarding “The move requires a IDR 52,383,000 deposit.”: do not proceed with the IDR 52383000 request. Although IDR 5890027.86 is available today, the full amount cannot be completed safely within 90 days."
request_237,23826000,affordable_now,full_payment,2026-04-05:23826000,2026-04-05,none,"Regarding “Would committing to the membership leave enough for my upcoming bills? Renewing the membership would cost IDR 23,826,000.”: pay IDR 23826000 today. This leaves at least IDR 22431500 available over the next 90 days. Using no further salary projected."
request_238,0,not_affordable,not_recommended,none,,none,Regarding “I'm planning an investment contribution of USD 663.60.”: do not make this payment by 2025-02-16. None of the available options keeps the USD 700 minimum protected. Using confirmed pay USD 912; no further salary projected.
request_239,642,affordable_now,full_payment,2025-05-04:642,2025-05-04,none,Regarding “Would investing this amount leave my upcoming bills covered? I need to decide by 24 May 2025.”: pay USD 642 today. This leaves at least USD 600 available over the next 90 days.
request_240,13089.98,not_affordable,not_recommended,none,,none,"Regarding “The current quote for the trip is INR 101,200.”: do not proceed with the INR 101200 request. Although INR 13089.98 is available today, the full amount cannot be completed safely within 90 days. Using confirmed pay INR 62000 from 2026-01-15; unconfirmed credits ignored."
request_241,21052000,affordable_with_plan,installments,2024-03-17:7298026.67|2024-04-17:7298026.67|2024-05-18:7298026.67,2024-03-03,none,"Regarding “Should I send the full amount, send part of it, or wait? I need to make a family transfer of IDR 21,052,000.”: use 3 installments of IDR 7298026.67, starting 2024-03-17. This leaves at least IDR 19252000 available. Using no further salary projected."
request_242,17.88,not_affordable,not_recommended,none,,none,"Regarding “I would like to repay an additional EUR 1,966.80.”: do not proceed with the EUR 1966.80 request. Although EUR 17.88 is available today, the full amount cannot be completed safely within 90 days. Using confirmed pay EUR 968 from 2025-08-15."
request_243,17468,affordable_now,full_payment,2026-07-07:17468,2026-07-07,none,Regarding “Can I cover the full repair now and still manage my essential expenses? I need to decide by 9 August 2026.”: pay ZAR 17468 today. This leaves at least ZAR 19900 available over the next 90 days.
request_244,49918,affordable_now,full_payment,2024-06-04:49918,2024-06-04,none,"Regarding “I want to send ZAR 49,918 to my family.”: pay ZAR 49918 today. This leaves at least ZAR 45900 available over the next 90 days."
request_245,0,not_affordable,not_recommended,none,,none,"Regarding “Should I pay for the repair in full, split the payment, or wait? I need to cover an urgent repair of INR 128,500.”: do not make this payment by 2026-01-15. None of the available options keeps the INR 94600 minimum protected. Using confirmed pay INR 1680 from 2025-11-15."
request_246,64086,affordable_with_plan,installments,2026-04-03:22216.48|2026-05-03:22216.48|2026-06-02:22216.48,2026-04-03,none,"Regarding “I'm considering a professional course priced at ZAR 64,086.”: use 3 installments of ZAR 22216.48, starting 2026-04-03. This leaves at least ZAR 39300 available. Using no further salary projected."
request_247,1059.30,affordable_now,full_payment,2024-09-05:1059.30,2024-09-05,none,Regarding “Can I make the full transfer without falling short on my own bills? I need to decide by 8 November 2024.”: pay EUR 1059.30 today. This leaves at least EUR 1300 available over the next 90 days. Using confirmed pay EUR 1528.56.
request_248,496.98,not_affordable,not_recommended,none,,none,"Regarding “I'm considering setting aside USD 1,965.60 for an investment.”: do not proceed with the USD 1965.60 request. Although USD 496.98 is available today, the full amount cannot be completed safely within 90 days. Using confirmed pay USD 1548; unconfirmed credits ignored."
request_249,167.96,affordable_later,wait,2026-03-15:643.20,2026-03-15,none,"Regarding “Is the full membership fee affordable today, or should I wait? The annual plan comes to USD 643.20.”: pay USD 643.20 in full on 2026-03-15. Paying earlier would take the balance below the USD 600 minimum. Using confirmed pay USD 702."
request_250,15365.18,not_affordable,not_recommended,none,,none,"Regarding “The extra repayment I'm considering is ZAR 124,278.”: do not proceed with the ZAR 124278 request. Although ZAR 15365.18 is available today, the full amount cannot be completed safely within 90 days. Using confirmed pay ZAR 53680 from 2024-12-15."
request_251,1513.60,not_affordable,not_recommended,none,2025-05-03,none,Regarding “Is it safe to cover the full course fee by the deadline? I need to decide by 6 June 2025.”: do not make this payment by 2025-06-06. None of the available options keeps the EUR 1300 minimum protected.
request_252,4658482.38,affordable_later,wait,2026-08-15:28082000,2026-08-15,none,"Regarding “My family needs a transfer of IDR 28,082,000.”: pay IDR 28082000 in full on 2026-08-15. Paying earlier would take the balance below the IDR 15152200 minimum. Using unconfirmed credits ignored."
request_253,1443.16,affordable_with_plan,installments,2024-03-21:984.60|2024-04-21:984.60|2024-05-22:984.60,2024-05-15,none,"Regarding “Would paying the full deposit leave enough for my other commitments? I need to pay a EUR 2,840.20 rental deposit.”: use 3 installments of EUR 984.60, starting 2024-03-21. This leaves at least EUR 2300 available."
request_254,607.90,affordable_later,wait,2025-10-15:3535.20,2025-10-15,none,"Regarding “The annual membership costs USD 3,535.20.”: pay USD 3535.20 in full on 2025-10-15. Paying earlier would take the balance below the USD 2500 minimum. Using unconfirmed credits ignored."
request_255,1744696.36,not_affordable,not_recommended,none,,none,"Regarding “How much can I safely send to my family today? I need to decide by 15 June 2026.”: do not proceed with the IDR 3345000 request. Although IDR 1744696.36 is available today, the full amount cannot be completed safely within 90 days."
request_256,150507.32,affordable_with_plan,installments,2024-06-10:75816|2024-07-11:75816|2024-08-11:75816,2024-07-15,none,"Regarding “I'm thinking of investing INR 218,700.”: use 3 installments of INR 75816, starting 2024-06-10. This leaves at least INR 168600 available. Using confirmed pay INR 214000 from 2024-06-15; unconfirmed credits ignored."
request_257,499.50,affordable_later,wait,2025-12-15:1352.40,2025-12-15,none,"Regarding “Would committing to the membership leave enough for my upcoming bills? I'm considering a yearly membership for USD 1,352.40.”: pay USD 1352.40 in full on 2025-12-15. Paying earlier would take the balance below the USD 1600 minimum."
request_258,1113.60,affordable_now,full_payment,2026-01-07:1113.60,2026-01-07,none,"Regarding “I want to put USD 1,113.60 into an investment.”: pay USD 1113.60 today. This leaves at least USD 500 available over the next 90 days."
request_259,251.54,affordable_later,wait,2024-11-15:935,2024-11-15,none,"Regarding “Is the full membership fee affordable today, or should I wait? I need to decide by 15 November 2024.”: pay EUR 935 in full on 2024-11-15. Paying earlier would take the balance below the EUR 600 minimum."
request_260,7426921.74,not_affordable,not_recommended,none,,none,"Regarding “The repair I need is priced at IDR 52,079,000.”: do not proceed with the IDR 52079000 request. Although IDR 7426921.74 is available today, the full amount cannot be completed safely within 90 days."
request_261,1830.40,affordable_now,full_payment,2026-07-03:1830.40,2026-07-03,none,"Regarding “Can I pay the rental deposit by the requested date? The landlord has asked for a deposit of EUR 1,830.40.”: pay EUR 1830.40 today. This leaves at least EUR 1500 available over the next 90 days. Using internal transfers ignored."
request_262,0,not_affordable,not_recommended,none,,none,"Regarding “The course I want to take is IDR 9,236,000.”: do not make this payment by 2025-01-24. None of the available options keeps the IDR 31018500 minimum protected. Using confirmed pay IDR 48260000; no further salary projected."
request_263,0,not_affordable,not_recommended,none,,none,"Regarding “Should I pay for the course now, use installments, or wait? I need to decide by 15 June 2025.”: do not make this payment by 2025-06-15. None of the available options keeps the ZAR 24100 minimum protected. Using confirmed pay ZAR 1485 from 2025-05-15."
request_264,26842.08,affordable_later,wait,2026-06-15:111300,2026-06-15,none,"Regarding “I've received a repair quote for INR 111,300.”: pay INR 111300 in full on 2026-06-15. Paying earlier would take the balance below the INR 59500 minimum."
request_265,45970,affordable_now,full_payment,2024-03-06:45970,2024-03-06,none,"Regarding “How much can I safely send to my family today? I want to send INR 45,970 to my family.”: pay INR 45970 today. This leaves at least INR 189700 available over the next 90 days. Using seasonal/assignment pay still projected after this contract."
request_266,805.50,affordable_with_plan,installments,2025-08-03:324.13|2025-08-31:324.13|2025-09-28:324.13,2025-08-15,none,"Regarding “I'm planning an investment contribution of EUR 935.”: use 3 installments of EUR 324.13, starting 2025-08-03. This leaves at least EUR 900 available."
request_267,1689.34,affordable_with_plan,installments,2026-01-08:667.33|2026-02-07:667.33|2026-03-09:667.33,2026-01-15,none,"Regarding “How much of the rental deposit can I safely pay today? I need to decide by 17 March 2026.”: use 3 installments of EUR 667.33, starting 2026-01-08. This leaves at least EUR 1500 available."
request_268,1033.68,affordable_with_plan,installments,2024-06-14:841.22|2024-07-15:841.22|2024-08-15:841.22,2024-07-15,none,"Regarding “The additional loan payment would be EUR 2,426.60.”: use 3 installments of EUR 841.22, starting 2024-06-14. This leaves at least EUR 1400 available. Using unconfirmed credits ignored."
request_269,10042.14,affordable_later,wait,2025-11-15:15490,2025-11-15,none,"Regarding “Would sending the money now leave enough for my upcoming expenses? I need to make a family transfer of ZAR 15,490.”: pay ZAR 15490 in full on 2025-11-15. Paying earlier would take the balance below the ZAR 23100 minimum. Using confirmed pay ZAR 38280 from 2025-11-15; unconfirmed credits ignored."
request_270,104.38,not_affordable,not_recommended,none,,none,"Regarding “I'm thinking of investing USD 3,028.80.”: do not proceed with the USD 3028.80 request. Although USD 104.38 is available today, the full amount cannot be completed safely within 90 days."
request_271,16815.90,affordable_later,wait,2024-11-15:91300,2024-11-15,none,Regarding “Does paying for the trip now leave enough for the rest of the month? I need to decide by 15 November 2024.”: pay INR 91300 in full on 2024-11-15. Paying earlier would take the balance below the INR 58200 minimum. Using confirmed pay INR 103000.
request_272,5343820.94,affordable_with_plan,installments,2025-02-12:4709466.67|2025-03-12:4709466.67|2025-04-09:4709466.67,2025-03-15,none,"Regarding “I have IDR 13,585,000 in mind as an extra loan payment.”: use 3 installments of IDR 4709466.67, starting 2025-02-12. This leaves at least IDR 7508600 available. Using unconfirmed credits ignored."
request_273,11066571.52,affordable_with_plan,partial_payment,2026-04-07:11066571.52|2026-04-15:4794428.48,2026-04-15,none,"Regarding “Should I pay for the course now, use installments, or wait? Enrolment for the course comes to IDR 15,861,000.”: pay IDR 11066571.52 today and the remaining IDR 4794428.48 later. This completes the full request and keeps the IDR 18774600 minimum protected. Using internal transfers ignored."
request_274,2343.04,affordable_with_plan,installments,2024-12-04:940.75|2025-01-04:940.75|2025-02-04:940.75,2024-12-15,none,"Regarding “I want to put another EUR 2,713.70 toward my loan.”: use 3 installments of EUR 940.75, starting 2024-12-04. This leaves at least EUR 1800 available. Using unconfirmed credits ignored."
request_275,15884000,affordable_now,full_payment,2025-05-06:15884000,2025-05-06,none,"Regarding “Should I pay for the repair in full, split the payment, or wait? I need to decide by 22 July 2025.”: pay IDR 15884000 today. This leaves at least IDR 12760100 available over the next 90 days. Using unconfirmed credits ignored."
